{
  "dC": {
    "min": -140.350006103516,
    "max": 226.25,
    "mean": 58.133311203319394,
    "std": 39.2777202556595
  },
  "dH": {
    "min": -0.8366665840148929,
    "max": 11.418715476989698,
    "mean": 3.389498470985033,
    "std": 2.1857122836973164
  },
  "intensity": {
    "min": -658985.9375,
    "max": 253208.328125,
    "mean": 259.897618253756,
    "std": 6505.192119695598,
    "negative_fraction": 0.5109406227169758
  },
  "note": "computed on train split after filtering sentinel peaks (|dC| > 300 or |dH| > 20)"
}